area_sqft,bedrooms,bathrooms,age_years,location_score,parking,price_lakh
3169,4,3,7,4,0,304.23
2783,3,2,0,2,0,241.74
1502,2,1,6,9,1,214.47
576,1,1,13,6,1,113.93
1186,1,1,3,2,1,130.15
3022,4,2,14,9,0,340.80
2100,2,1,20,10,1,248.33
737,1,1,2,4,0,96.37
2106,3,3,11,3,1,204.90
842,2,1,23,4,0,109.43
2443,4,4,20,9,0,288.35
779,1,1,10,7,1,119.08
821,1,2,28,6,0,109.94
3183,5,3,7,9,2,360.35
1626,3,2,18,7,1,209.40
2637,4,3,27,2,0,257.04
3120,4,3,19,2,1,260.98
2717,4,3,30,1,2,250.57
1019,2,2,8,6,0,146.12
563,2,2,8,9,0,145.48
2629,5,4,9,9,2,329.46
1211,2,2,16,1,2,122.35
1877,3,2,11,5,0,219.04
872,1,1,2,9,0,164.21
1075,2,2,5,5,2,155.98
1417,3,3,22,4,2,160.20
1826,3,3,11,8,2,236.26
812,1,1,7,10,0,162.44
579,1,1,7,2,0,69.08
1524,2,2,17,3,2,155.68
2888,5,3,15,7,0,321.37
2001,3,2,23,1,2,181.86
3196,4,3,10,2,0,289.31
1124,2,1,7,2,1,125.35
2804,4,3,17,1,0,254.92
1231,2,2,27,7,0,154.20
1224,2,2,8,8,1,169.54
2826,5,4,6,5,0,307.23
789,1,1,23,6,0,118.30
2725,4,4,2,3,0,272.04
2987,4,4,12,2,2,280.45
3086,4,3,18,9,1,352.15
1618,2,2,7,5,1,193.66
2422,3,3,2,1,1,229.24
3094,6,5,2,9,0,365.52
1979,4,4,11,5,0,226.64
2344,4,3,19,9,0,278.56
974,2,1,3,2,2,104.36
2816,4,3,6,6,0,293.05
2620,4,4,27,1,0,213.79
3148,5,3,0,6,0,329.05
2359,4,3,0,2,0,225.78
1160,2,2,18,9,0,177.95
2043,4,3,27,1,1,183.55
1410,3,3,11,9,1,227.59
1519,3,3,25,3,1,156.27
651,1,2,25,7,2,127.97
1642,2,2,12,1,1,137.72
1461,2,2,11,5,0,170.67
2182,3,3,30,5,1,233.78
3177,5,4,26,9,1,357.09
1619,2,2,8,1,0,143.43
2993,4,3,10,7,2,328.93
2911,4,2,13,1,2,256.03
2755,5,4,23,4,1,261.17
1902,3,3,3,5,2,230.84
1816,3,2,22,5,2,206.00
2102,4,4,19,10,1,287.04
2213,4,2,9,4,1,233.76
1869,3,2,6,9,1,240.45
1245,2,1,21,10,1,207.59
1512,3,2,6,3,0,172.05
739,1,1,27,2,1,61.40
1346,3,2,12,4,0,160.70
572,2,2,28,2,1,68.66
2671,4,3,29,2,1,250.37
1096,2,2,17,10,1,202.68
3059,5,4,13,9,1,348.92
1201,2,2,8,4,2,146.80
2534,4,3,2,5,0,282.21
1662,2,2,2,3,0,172.12
1426,1,1,17,8,1,195.60
805,1,1,28,10,2,168.00
2908,4,2,11,5,1,293.72
2266,4,3,25,10,0,277.13
2539,3,2,21,7,2,275.19
1226,3,3,19,9,0,201.41
661,1,1,27,8,0,112.35
755,1,1,14,6,1,118.01
2276,3,2,0,9,0,273.88
1983,2,1,30,1,0,158.16
633,1,1,15,2,2,71.77
1442,2,1,11,3,2,142.42
1019,2,1,9,2,2,104.32
655,2,2,29,7,1,123.62
2975,5,4,3,5,2,317.50
3009,5,4,18,1,1,260.39
832,1,1,27,7,1,122.25
982,1,1,28,8,2,150.44
2687,5,3,25,9,1,317.35
2454,4,3,8,6,0,271.30
2396,3,2,19,7,1,259.24
667,1,1,15,4,1,93.17
2991,5,3,0,9,0,343.23
900,1,1,17,4,2,100.03
2385,4,2,7,7,2,279.48
1546,2,2,15,9,2,204.58
2804,4,3,8,5,1,309.74
1494,2,1,3,9,2,219.54
2533,3,2,24,9,2,295.86
1709,4,4,9,4,1,202.33
2737,3,2,1,9,1,319.19
1067,2,2,3,1,2,111.86
1945,2,1,30,8,0,225.18
817,1,1,20,1,0,72.60
1794,2,1,17,7,2,219.26
2991,5,3,16,7,1,328.36
2960,6,4,19,1,2,271.95
956,2,1,6,5,2,141.82
2810,3,2,14,10,1,327.18
1742,2,1,9,8,0,209.71
3110,5,4,6,7,0,324.68
2780,4,3,8,3,0,277.36
2987,5,4,9,8,0,342.22
2469,4,3,30,5,2,246.90
2999,4,3,10,10,1,349.06
655,1,2,26,10,2,173.99
1653,3,3,5,8,2,223.83
2361,4,3,18,7,2,280.12
2475,4,3,21,2,0,208.00
1900,3,2,21,7,2,229.78
1583,2,2,12,9,0,216.11
2772,4,2,16,6,2,291.90
761,1,1,29,5,1,88.92
2535,3,3,19,4,2,256.10
2812,4,3,26,2,1,257.93
1031,2,1,29,5,2,125.97
2526,5,3,17,3,1,242.93
1330,3,2,28,3,0,132.52
2249,3,3,8,1,1,217.17
1772,3,2,21,8,0,212.14
1911,3,2,14,6,0,218.38
1528,2,1,24,7,0,177.21
2111,3,3,26,3,1,209.13
701,1,2,10,2,1,94.53
612,1,1,20,3,0,79.92
2473,4,3,19,7,2,286.09
2735,4,3,22,8,2,310.85
697,1,1,21,5,0,95.47
953,2,2,3,8,0,157.06
1776,4,2,25,1,1,155.27
1550,2,2,25,3,0,153.27
1267,1,2,19,4,1,141.00
2438,4,3,21,1,1,214.17
1728,3,2,14,6,2,203.56
1574,2,1,12,8,0,218.31
1521,2,1,9,5,0,180.88
1674,2,2,24,1,2,144.03
2584,5,4,24,4,2,268.28
1328,2,2,23,3,2,134.49
947,2,2,9,8,0,150.20
919,2,1,13,3,0,98.53
1091,2,2,11,9,2,197.46
1602,3,3,30,5,2,176.83
1937,4,3,2,3,0,213.64
2177,4,4,11,2,1,207.97
607,1,1,11,5,2,95.05
2071,2,1,0,10,2,279.11
1893,4,3,2,8,2,255.37
1122,1,1,15,2,0,109.69
1511,3,2,14,6,2,202.99
2762,4,3,4,7,2,308.67
955,2,2,30,5,0,116.83
2371,5,4,3,6,2,278.82
3191,5,4,6,2,1,305.48
3169,5,3,25,6,0,320.56
1065,2,1,26,9,0,152.50
1504,2,1,28,10,0,197.98
1685,3,2,4,9,1,238.29
655,1,1,25,4,2,84.15